T0,law
T1,daytime
T2,stylish
T3,governmental
T4,organization
T5,theory
T6,moral
T7,system
T8,preview
T9,hardware
T10,cryptocurrency
T11,mathematics
T12,proficient
T13,symbolic
T14,slope
T15,intelligence
T16,journalistic
T17,storyteller
T18,physics
T19,algebra
T20,discussion
T21,equality
T22,programming
T23,creative
T24,fringe
T25,mission
T26,privacy
T27,devotion
T28,study
T29,chief
T30,forum
T31,genetic
T32,staffing
T33,absurdity
T34,skyrocket
T35,earth
T36,application
T37,immerse
T38,literary
T39,fulfillment
T40,minority
T41,prediction
T42,security
T43,retro
T44,brick
T45,regulation
T46,enterprise
T47,conflict
T48,agriculture
T49,university
T50,gamify
T51,police
T52,serviceable
T53,folk
T54,development
T55,migratio
T56,researcher
T57,election
T58,acting
T59,medical
T60,sampling
T61,school
T62,animated
T63,eventual
T64,person
T65,training
T66,adolescent
T67,queue
T68,conference
T69,cpu
T70,thrash
T71,file
T72,biology
T73,alcohol
T74,productivity
T75,quantify
T76,web
T77,working
T78,image
T79,family
T80,creature
T81,algorithm
T82,traveller
T83,academic
T84,tool
T85,description
T86,idea
T87,classification
T88,cross-layer
T89,tendency
T90,ethic
T91,consultation
T92,charitable
T93,talent
T94,defective
T95,democracy
T96,blog
T97,maturity
T98,tournament
T99,socialize